batch,gameID,player,travel,duration,imageID,n_tags,exit_time,uniqueID,ind,condition
batch_012219,2,1,17905,149155,4,0,167060,batch_012219 2 1,4,collaboration
batch_012219,2,1,22002,138149,2,0,327211,batch_012219 2 1,4,collaboration
batch_012219,2,1,11004,226401,1,1,564616,batch_012219 2 1,4,collaboration
batch_012219,2,2,11900,42050,4,0,53950,batch_012219 2 2,5,collaboration
batch_012219,2,2,6001,75076,5,0,135027,batch_012219 2 2,5,collaboration
batch_012219,2,2,7002,36039,1,0,178068,batch_012219 2 2,5,collaboration
batch_012219,2,2,8007,32024,6,0,218099,batch_012219 2 2,5,collaboration
batch_012219,2,2,10004,41047,2,2,269150,batch_012219 2 2,5,collaboration
batch_012219,2,2,6001,87131,6,1,362282,batch_012219 2 2,5,collaboration
batch_012219,2,2,17004,17066,4,11,396352,batch_012219 2 2,5,collaboration
batch_012219,2,2,12007,87154,3,6,495513,batch_012219 2 2,5,collaboration
batch_012219,2,3,14903,3011,4,0,17914,batch_012219 2 3,6,collaboration
batch_012219,2,3,6001,121120,3,0,145035,batch_012219 2 3,6,collaboration
batch_012219,2,3,20006,25033,1,0,190074,batch_012219 2 3,6,collaboration
batch_012219,2,3,9001,82084,5,4,281159,batch_012219 2 3,6,collaboration
batch_012219,2,3,11006,11017,1,1,303182,batch_012219 2 3,6,collaboration
batch_012219,2,3,6005,115209,6,3,424396,batch_012219 2 3,6,collaboration
batch_012219,2,3,17005,14032,5,7,455433,batch_012219 2 3,6,collaboration
batch_012219,2,3,8003,116216,4,11,579652,batch_012219 2 3,6,collaboration
batch_012219,3,1,6121,12105,2,0,18226,batch_012219 3 1,7,collaboration
batch_012219,3,1,2002,154681,2,0,174909,batch_012219 3 1,7,collaboration
batch_012219,3,1,9020,16078,3,6,200007,batch_012219 3 1,7,collaboration
batch_012219,3,1,12011,29215,1,3,241233,batch_012219 3 1,7,collaboration
batch_012219,3,1,10019,38237,6,0,289489,batch_012219 3 1,7,collaboration
batch_012219,3,1,1002,19131,6,2,309622,batch_012219 3 1,7,collaboration
batch_012219,3,1,2015,2007,6,2,313644,batch_012219 3 1,7,collaboration
batch_012219,3,1,16005,7119,4,6,336768,batch_012219 3 1,7,collaboration
batch_012219,3,1,24158,7071,5,6,367997,batch_012219 3 1,7,collaboration
batch_012219,3,1,3018,135042,5,6,506057,batch_012219 3 1,7,collaboration
batch_012219,3,2,16130,141712,3,0,157842,batch_012219 3 2,8,collaboration
batch_012219,3,2,8015,27125,6,0,192982,batch_012219 3 2,8,collaboration
batch_012219,3,2,2008,18086,6,0,213076,batch_012219 3 2,8,collaboration
batch_012219,3,2,16007,52352,4,0,281435,batch_012219 3 2,8,collaboration
batch_012219,3,2,22029,31298,3,6,334762,batch_012219 3 2,8,collaboration
batch_012219,3,2,7006,93907,6,2,435675,batch_012219 3 2,8,collaboration
batch_012219,3,3,24127,52322,1,0,76449,batch_012219 3 3,9,collaboration
batch_012219,3,3,6002,134649,5,0,217100,batch_012219 3 3,9,collaboration
batch_012219,3,3,6006,200415,4,0,423521,batch_012219 3 3,9,collaboration
batch_012219,3,3,13017,47337,1,3,483875,batch_012219 3 3,9,collaboration
batch_012219,4,1,16416,88506,4,0,104922,batch_012219 4 1,10,collaboration
batch_012219,4,1,18021,77608,2,0,200551,batch_012219 4 1,10,collaboration
batch_012219,4,1,34067,23486,1,3,258104,batch_012219 4 1,10,collaboration
batch_012219,4,2,6416,77408,1,0,83824,batch_012219 4 2,11,collaboration
batch_012219,4,2,2004,13077,1,2,98905,batch_012219 4 2,11,collaboration
batch_012219,4,2,24011,132137,3,0,255053,batch_012219 4 2,11,collaboration
batch_012219,4,2,8051,39232,2,4,302336,batch_012219 4 2,11,collaboration
batch_012219,4,2,18020,77411,4,5,397767,batch_012219 4 2,11,collaboration
batch_012219,4,2,7004,76243,6,6,481014,batch_012219 4 2,11,collaboration
batch_012219,4,3,14427,110603,6,0,125030,batch_012219 4 3,12,collaboration
batch_012219,4,3,12010,141206,5,0,278246,batch_012219 4 3,12,collaboration
batch_012219,4,3,7010,77411,4,4,362667,batch_012219 4 3,12,collaboration
batch_012219,4,3,10020,69216,6,6,441903,batch_012219 4 3,12,collaboration
batch_012219,4,3,7005,74227,1,3,523135,batch_012219 4 3,12,collaboration
batch_012219,5,1,15060,11088,1,0,26148,batch_012219 5 1,13,collaboration
batch_012219,5,1,6002,102310,2,0,134460,batch_012219 5 1,13,collaboration
batch_012219,5,1,6002,155474,6,0,295936,batch_012219 5 1,13,collaboration
batch_012219,5,1,6001,131278,3,0,433215,batch_012219 5 1,13,collaboration
batch_012219,5,1,6001,72231,5,6,511447,batch_012219 5 1,13,collaboration
batch_012219,5,2,9055,156497,4,0,165552,batch_012219 5 2,14,collaboration
batch_012219,5,2,13010,138409,2,5,316971,batch_012219 5 2,14,collaboration
batch_012219,5,2,28028,199622,5,0,544621,batch_012219 5 2,14,collaboration
batch_012219,5,3,27142,112331,4,0,139473,batch_012219 5 3,15,collaboration
batch_012219,5,3,7007,67209,1,0,213689,batch_012219 5 3,15,collaboration
batch_012219,5,3,16001,18096,3,0,247786,batch_012219 5 3,15,collaboration
batch_012219,5,3,1006,7026,3,0,255818,batch_012219 5 3,15,collaboration
batch_012219,5,3,6002,26088,5,0,287908,batch_012219 5 3,15,collaboration
batch_012219,5,3,18028,109232,6,10,415168,batch_012219 5 3,15,collaboration
batch_012219,6,1,8461,398181,5,0,406642,batch_012219 6 1,16,collaboration
batch_012219,6,2,27479,366141,2,0,393620,batch_012219 6 2,17,collaboration
batch_012219,6,2,13015,133251,3,0,539886,batch_012219 6 2,17,collaboration
batch_012219,6,3,19465,86249,6,0,105714,batch_012219 6 3,18,collaboration
batch_012219,6,3,12001,19057,3,0,136772,batch_012219 6 3,18,collaboration
batch_012219,6,3,2008,11015,3,0,149795,batch_012219 6 3,18,collaboration
batch_012219,6,3,6001,31096,4,0,186892,batch_012219 6 3,18,collaboration
batch_012219,6,3,21000,14095,1,0,221987,batch_012219 6 3,18,collaboration
batch_012219,6,3,7004,10046,6,5,239037,batch_012219 6 3,18,collaboration
batch_012219,6,3,6001,21084,1,0,266122,batch_012219 6 3,18,collaboration
batch_012219,6,3,3006,285804,1,0,554932,batch_012219 6 3,18,collaboration
batch_012219,13,1,9381,310683,5,0,320064,batch_012219 13 1,1,collaboration
batch_012219,13,2,7376,107267,5,0,114643,batch_012219 13 2,2,collaboration
batch_012219,13,2,8005,165366,3,0,288014,batch_012219 13 2,2,collaboration
batch_012219,13,2,12002,84170,1,0,384186,batch_012219 13 2,2,collaboration
batch_012219,13,2,7005,128232,4,0,519423,batch_012219 13 2,2,collaboration
batch_012219,13,3,7376,148344,5,0,155720,batch_012219 13 3,3,collaboration
batch_020819,3,1,5767,131264,4,0,137031,batch_020819 3 1,43,collaboration
batch_020819,3,1,11001,119285,1,0,267317,batch_020819 3 1,43,collaboration
batch_020819,3,1,12002,112456,5,3,391775,batch_020819 3 1,43,collaboration
batch_020819,3,1,7004,97377,2,5,496156,batch_020819 3 1,43,collaboration
batch_020819,3,1,16022,53288,3,6,565466,batch_020819 3 1,43,collaboration
batch_020819,3,2,12784,52119,4,0,64903,batch_020819 3 2,44,collaboration
batch_020819,3,2,24011,128272,3,0,217186,batch_020819 3 2,44,collaboration
batch_020819,3,2,12007,127506,2,0,356699,batch_020819 3 2,44,collaboration
batch_020819,3,2,17006,76281,1,4,449986,batch_020819 3 2,44,collaboration
batch_020819,3,2,13023,63263,6,6,526272,batch_020819 3 2,44,collaboration
batch_020819,3,2,6002,14086,1,6,546360,batch_020819 3 2,44,collaboration
batch_020819,3,3,13773,85176,6,0,98949,batch_020819 3 3,45,collaboration
batch_020819,3,3,11020,44101,6,4,154070,batch_020819 3 3,45,collaboration
batch_020819,3,3,16003,119350,5,0,289423,batch_020819 3 3,45,collaboration
batch_020819,5,1,7857,108241,2,0,116098,batch_020819 5 1,55,collaboration
batch_020819,5,1,26019,99453,6,0,241570,batch_020819 5 1,55,collaboration
batch_020819,5,1,14024,41159,6,3,296753,batch_020819 5 1,55,collaboration
batch_020819,5,1,7004,45163,4,7,348920,batch_020819 5 1,55,collaboration
batch_020819,5,2,50941,116352,1,0,167293,batch_020819 5 2,56,collaboration
batch_020819,5,2,22005,295650,3,0,484948,batch_020819 5 2,56,collaboration
batch_020819,5,3,17857,77194,5,0,95051,batch_020819 5 3,57,collaboration
batch_020819,5,3,7004,186667,4,0,288722,batch_020819 5 3,57,collaboration
batch_020819,5,3,20021,191346,2,2,500089,batch_020819 5 3,57,collaboration
batch_020819,6,1,6232,120406,2,0,126638,batch_020819 6 1,58,collaboration
batch_020819,6,1,7012,117420,4,0,251070,batch_020819 6 1,58,collaboration
batch_020819,6,1,23011,137024,1,0,411105,batch_020819 6 1,58,collaboration
batch_020819,6,1,13035,131611,6,6,555751,batch_020819 6 1,58,collaboration
batch_020819,6,2,17235,271981,3,0,289216,batch_020819 6 2,59,collaboration
batch_020819,6,2,17027,220229,5,2,526472,batch_020819 6 2,59,collaboration
batch_020819,6,3,7235,50139,2,0,57374,batch_020819 6 3,60,collaboration
batch_020819,6,3,17005,144588,6,0,218967,batch_020819 6 3,60,collaboration
batch_020819,6,3,7004,208372,5,0,434343,batch_020819 6 3,60,collaboration
batch_020819,6,3,9510,75581,1,5,519434,batch_020819 6 3,60,collaboration
batch_020819,8,1,27254,103502,3,0,130756,batch_020819 8 1,61,collaboration
batch_020819,8,1,7005,128626,4,0,266387,batch_020819 8 1,61,collaboration
batch_020819,8,1,13017,110869,6,0,390273,batch_020819 8 1,61,collaboration
batch_020819,8,1,17007,127951,1,4,535231,batch_020819 8 1,61,collaboration
batch_020819,8,3,6249,92367,1,0,98616,batch_020819 8 3,63,collaboration
batch_020819,8,3,13014,156766,2,0,268396,batch_020819 8 3,63,collaboration
batch_020819,8,3,20087,138274,6,0,426757,batch_020819 8 3,63,collaboration
batch_020819,8,3,9038,143666,3,4,579461,batch_020819 8 3,63,collaboration
batch_020819,9,1,19863,134541,5,0,154404,batch_020819 9 1,64,collaboration
batch_020819,9,1,6009,38583,1,0,198996,batch_020819 9 1,64,collaboration
batch_020819,9,1,11004,9682,4,0,219682,batch_020819 9 1,64,collaboration
batch_020819,9,1,6007,21138,5,6,246827,batch_020819 9 1,64,collaboration
batch_020819,9,1,6004,41377,4,0,294208,batch_020819 9 1,64,collaboration
batch_020819,9,1,17009,71817,2,1,383034,batch_020819 9 1,64,collaboration
batch_020819,9,1,27006,166918,1,1,576958,batch_020819 9 1,64,collaboration
batch_020819,9,2,32805,142907,3,0,175712,batch_020819 9 2,65,collaboration
batch_020819,9,2,14257,1964,4,0,191933,batch_020819 9 2,65,collaboration
batch_020819,9,2,16005,149712,2,0,357650,batch_020819 9 2,65,collaboration
batch_020819,9,2,23012,59666,5,10,440328,batch_020819 9 2,65,collaboration
batch_020819,9,2,8012,139673,1,2,588013,batch_020819 9 2,65,collaboration
batch_020819,9,3,19779,15097,4,0,34876,batch_020819 9 3,66,collaboration
batch_020819,9,3,21036,184879,6,0,240791,batch_020819 9 3,66,collaboration
batch_020819,9,3,12013,8127,4,0,260931,batch_020819 9 3,66,collaboration
batch_020819,9,3,8013,153312,5,7,422256,batch_020819 9 3,66,collaboration
batch_020819,10,2,9264,52246,1,0,61510,batch_020819 10 2,20,collaboration
batch_020819,10,2,12006,129715,2,0,203231,batch_020819 10 2,20,collaboration
batch_020819,10,2,12026,119146,5,0,334403,batch_020819 10 2,20,collaboration
batch_020819,10,2,9038,97456,3,1,440897,batch_020819 10 2,20,collaboration
batch_020819,10,2,26003,131792,1,3,598692,batch_020819 10 2,20,collaboration
batch_020819,10,3,9264,25121,1,0,34385,batch_020819 10 3,21,collaboration
batch_020819,10,3,6004,100918,6,0,141307,batch_020819 10 3,21,collaboration
batch_020819,10,3,12016,128550,4,0,281873,batch_020819 10 3,21,collaboration
batch_020819,10,3,11003,119932,3,0,412808,batch_020819 10 3,21,collaboration
batch_020819,10,3,24028,125652,2,5,562488,batch_020819 10 3,21,collaboration
batch_020819,11,1,11499,148808,6,0,160307,batch_020819 11 1,22,collaboration
batch_020819,11,1,12006,88707,2,0,261020,batch_020819 11 1,22,collaboration
batch_020819,11,1,11003,168148,5,0,440171,batch_020819 11 1,22,collaboration
batch_020819,11,1,21022,133721,1,4,594914,batch_020819 11 1,22,collaboration
batch_020819,11,2,7503,134662,3,0,142165,batch_020819 11 2,23,collaboration
batch_020819,11,2,12022,34356,1,3,188543,batch_020819 11 2,23,collaboration
batch_020819,11,2,7009,63461,2,0,259013,batch_020819 11 2,23,collaboration
batch_020819,11,2,13010,77744,5,0,349767,batch_020819 11 2,23,collaboration
batch_020819,11,2,2012,95416,5,9,447195,batch_020819 11 2,23,collaboration
batch_020819,11,3,18507,192162,1,0,210669,batch_020819 11 3,24,collaboration
batch_020819,11,3,15024,159212,4,0,384905,batch_020819 11 3,24,collaboration
batch_020819,11,3,82336,117631,1,4,584872,batch_020819 11 3,24,collaboration
batch_020819,12,1,12494,155837,2,0,168331,batch_020819 12 1,25,collaboration
batch_020819,12,1,18016,23437,3,0,209784,batch_020819 12 1,25,collaboration
batch_020819,12,1,6013,232155,4,0,447952,batch_020819 12 1,25,collaboration
batch_020819,12,2,10564,80148,6,0,90712,batch_020819 12 2,26,collaboration
batch_020819,12,2,12006,62602,1,0,165320,batch_020819 12 2,26,collaboration
batch_020819,12,2,12006,124948,3,0,302274,batch_020819 12 2,26,collaboration
batch_020819,12,3,34744,182088,2,0,216832,batch_020819 12 3,27,collaboration
batch_020819,14,1,6948,7067,4,0,14015,batch_020819 14 1,28,collaboration
batch_020819,14,2,13958,3081,1,0,17039,batch_020819 14 2,29,collaboration
batch_020819,14,2,7031,42315,1,0,66385,batch_020819 14 2,29,collaboration
batch_020819,14,2,14015,130942,5,0,211342,batch_020819 14 2,29,collaboration
batch_020819,14,2,7006,110585,3,0,328933,batch_020819 14 2,29,collaboration
batch_020819,14,2,6005,103553,2,0,438491,batch_020819 14 2,29,collaboration
batch_020819,14,3,7952,10091,4,0,18043,batch_020819 14 3,30,collaboration
batch_020819,14,3,7007,5087,1,0,30137,batch_020819 14 3,30,collaboration
batch_020819,14,3,1007,2091,1,0,33235,batch_020819 14 3,30,collaboration
batch_020819,14,3,6006,14101,6,0,53342,batch_020819 14 3,30,collaboration
batch_020819,14,3,6003,7040,5,0,66385,batch_020819 14 3,30,collaboration
batch_020819,14,3,17008,17470,4,0,100863,batch_020819 14 3,30,collaboration
batch_020819,14,3,9037,184847,1,1,294747,batch_020819 14 3,30,collaboration
batch_020819,14,3,13074,25126,6,13,332947,batch_020819 14 3,30,collaboration
batch_020819,14,3,12007,9097,4,0,354051,batch_020819 14 3,30,collaboration
batch_020819,14,3,18011,214744,5,7,586806,batch_020819 14 3,30,collaboration
batch_020819,15,1,11216,335048,1,0,346264,batch_020819 15 1,31,collaboration
batch_020819,15,2,7222,165176,6,0,172398,batch_020819 15 2,32,collaboration
batch_020819,15,2,15018,213109,4,0,400525,batch_020819 15 2,32,collaboration
batch_020819,15,2,14039,140287,5,0,554851,batch_020819 15 2,32,collaboration
batch_020819,16,1,38002,14124,6,1,52126,batch_020819 16 1,34,collaboration
batch_020819,16,2,6910,117546,6,0,124456,batch_020819 16 2,35,collaboration
batch_020819,16,2,11004,163820,4,0,299280,batch_020819 16 2,35,collaboration
batch_020819,16,2,7007,130110,5,2,436397,batch_020819 16 2,35,collaboration
batch_020819,16,2,12009,109435,1,1,557841,batch_020819 16 2,35,collaboration
batch_020819,16,3,26876,77475,3,0,104351,batch_020819 16 3,36,collaboration
batch_020819,16,3,7006,35184,1,0,146541,batch_020819 16 3,36,collaboration
batch_020819,16,3,11002,99560,5,0,257103,batch_020819 16 3,36,collaboration
batch_020819,16,3,12007,135864,2,0,404974,batch_020819 16 3,36,collaboration
batch_020819,16,3,17006,40695,3,4,462675,batch_020819 16 3,36,collaboration
batch_020819,16,3,15052,41831,4,10,519558,batch_020819 16 3,36,collaboration
batch_020819,26,1,11117,76147,1,0,87264,batch_020819 26 1,37,collaboration
batch_020819,26,1,12002,132278,3,0,231544,batch_020819 26 1,37,collaboration
batch_020819,26,1,7006,179453,5,0,418003,batch_020819 26 1,37,collaboration
batch_020819,26,3,10116,95170,1,0,105286,batch_020819 26 3,39,collaboration
batch_020819,26,3,26008,237607,4,0,368901,batch_020819 26 3,39,collaboration
batch_020819,29,1,22276,109341,2,0,131617,batch_020819 29 1,40,collaboration
batch_020819,29,2,30290,3031,2,0,33321,batch_020819 29 2,41,collaboration
batch_020819,29,3,8269,437046,3,0,445315,batch_020819 29 3,42,collaboration
batch_020819,30,1,32770,51152,3,0,83922,batch_020819 30 1,46,collaboration
batch_020819,30,1,3004,19039,3,5,105965,batch_020819 30 1,46,collaboration
batch_020819,30,1,13006,60138,5,0,179109,batch_020819 30 1,46,collaboration
batch_020819,30,1,11011,16051,1,3,206171,batch_020819 30 1,46,collaboration
batch_020819,30,1,9016,15036,1,5,230223,batch_020819 30 1,46,collaboration
batch_020819,30,1,52135,33078,1,5,315436,batch_020819 30 1,46,collaboration
batch_020819,30,1,53169,7020,1,7,375625,batch_020819 30 1,46,collaboration
batch_020819,30,1,22005,48201,4,5,445831,batch_020819 30 1,46,collaboration
batch_020819,30,1,37033,40129,1,7,522993,batch_020819 30 1,46,collaboration
batch_020819,30,1,9023,1003,1,8,533019,batch_020819 30 1,46,collaboration
batch_020819,30,1,11019,1002,1,8,545040,batch_020819 30 1,46,collaboration
batch_020819,30,2,33738,105288,1,0,139026,batch_020819 30 2,47,collaboration
batch_020819,30,2,12004,60150,6,0,211180,batch_020819 30 2,47,collaboration
batch_020819,30,2,20010,71214,2,0,302404,batch_020819 30 2,47,collaboration
batch_020819,30,2,9009,130411,4,0,441824,batch_020819 30 2,47,collaboration
batch_020819,30,2,15009,57141,6,2,513974,batch_020819 30 2,47,collaboration
batch_020819,30,3,30768,63179,3,0,93947,batch_020819 30 3,48,collaboration
batch_020819,30,3,2003,103205,3,6,199155,batch_020819 30 3,48,collaboration
batch_020819,30,3,15000,266757,1,5,480912,batch_020819 30 3,48,collaboration
batch_020819,39,1,20003,170467,4,0,190470,batch_020819 39 1,49,collaboration
batch_020819,39,1,12002,208464,6,0,410936,batch_020819 39 1,49,collaboration
batch_020819,39,3,7987,129401,3,0,137388,batch_020819 39 3,51,collaboration
batch_020819,39,3,12004,130342,5,0,279734,batch_020819 39 3,51,collaboration
batch_020819,40,2,9744,99277,3,0,109021,batch_020819 40 2,53,collaboration
batch_020819,40,2,7002,74127,2,0,190150,batch_020819 40 2,53,collaboration
batch_020819,40,2,7002,220361,4,0,417513,batch_020819 40 2,53,collaboration
batch_020819,40,2,14009,145244,6,0,576766,batch_020819 40 2,53,collaboration
batch_020819,40,3,35744,20065,1,0,55809,batch_020819 40 3,54,collaboration
batch_020819,40,3,3011,82261,1,0,141081,batch_020819 40 3,54,collaboration
batch_020819,40,3,5007,193273,1,6,339361,batch_020819 40 3,54,collaboration
batch_020819,40,3,3003,75149,1,10,417513,batch_020819 40 3,54,collaboration
batch_041119,1,1,14934,40053,1,0,54987,batch_041119 1 1,67,collaboration
batch_041119,1,1,7002,101091,4,0,163080,batch_041119 1 1,67,collaboration
batch_041119,1,1,15007,111125,2,0,289212,batch_041119 1 1,67,collaboration
batch_041119,1,1,17007,16029,6,10,322248,batch_041119 1 1,67,collaboration
batch_041119,1,1,9006,88113,3,3,419367,batch_041119 1 1,67,collaboration
batch_041119,1,1,6001,43053,2,4,468421,batch_041119 1 1,67,collaboration
batch_041119,1,1,9004,46060,1,5,523485,batch_041119 1 1,67,collaboration
batch_041119,1,2,19939,29040,1,0,48979,batch_041119 1 2,68,collaboration
batch_041119,1,2,12003,77076,3,0,138058,batch_041119 1 2,68,collaboration
batch_041119,1,2,7002,167178,6,0,312238,batch_041119 1 2,68,collaboration
batch_041119,1,2,10006,112144,5,7,434388,batch_041119 1 2,68,collaboration
batch_041119,1,2,23004,22043,1,5,479435,batch_041119 1 2,68,collaboration
batch_041119,1,3,49950,126148,5,0,176098,batch_041119 1 3,69,collaboration
batch_041119,1,3,27003,119147,4,5,322248,batch_041119 1 3,69,collaboration
batch_041119,1,3,8005,89114,1,1,419367,batch_041119 1 3,69,collaboration
batch_061619,101,1,8387,75079,4,0,83466,batch_061619 101 1,70,collaboration
batch_061619,101,1,8003,31065,1,4,122534,batch_061619 101 1,70,collaboration
batch_061619,101,1,6002,28068,2,1,156604,batch_061619 101 1,70,collaboration
batch_061619,101,1,7004,114290,5,0,277898,batch_061619 101 1,70,collaboration
batch_061619,101,1,7010,107408,3,4,392316,batch_061619 101 1,70,collaboration
batch_061619,101,1,6003,72219,6,6,470538,batch_061619 101 1,70,collaboration
batch_061619,101,2,19392,127191,1,0,146583,batch_061619 101 2,71,collaboration
batch_061619,101,2,16013,99256,5,0,261852,batch_061619 101 2,71,collaboration
batch_061619,101,2,8007,189649,3,4,459508,batch_061619 101 2,71,collaboration
batch_061619,101,3,6386,42049,4,0,48435,batch_061619 101 3,72,collaboration
batch_061619,101,3,10004,41048,1,0,99487,batch_061619 101 3,72,collaboration
batch_061619,101,3,7004,64147,2,0,170638,batch_061619 101 3,72,collaboration
batch_061619,101,3,13006,41105,3,0,224749,batch_061619 101 3,72,collaboration
batch_061619,101,3,7005,75274,6,0,307028,batch_061619 101 3,72,collaboration
batch_061619,101,3,5013,6018,6,6,318059,batch_061619 101 3,72,collaboration
batch_061619,101,3,101289,147505,2,6,566853,batch_061619 101 3,72,collaboration
batch_061619,102,1,21025,134295,6,0,155320,batch_061619 102 1,73,collaboration
batch_061619,102,1,12006,181634,4,0,348960,batch_061619 102 1,73,collaboration
batch_061619,102,1,32022,79314,3,6,460296,batch_061619 102 1,73,collaboration
batch_061619,102,2,17026,13032,2,0,30058,batch_061619 102 2,74,collaboration
batch_061619,102,2,2004,140315,2,0,172377,batch_061619 102 2,74,collaboration
batch_061619,102,2,12006,76294,1,0,260677,batch_061619 102 2,74,collaboration
batch_061619,102,2,18014,80301,5,5,358992,batch_061619 102 2,74,collaboration
batch_061619,102,2,7006,23079,2,7,389077,batch_061619 102 2,74,collaboration
batch_061619,102,2,18007,81305,4,8,488389,batch_061619 102 2,74,collaboration
batch_061619,102,2,7008,36152,1,6,531549,batch_061619 102 2,74,collaboration
batch_061619,102,3,18036,143304,3,0,161340,batch_061619 102 3,75,collaboration
batch_061619,102,3,6003,152537,5,0,319880,batch_061619 102 3,75,collaboration
batch_061619,102,3,17005,151504,1,2,488389,batch_061619 102 3,75,collaboration
batch_061619,103,1,6610,81179,5,0,87789,batch_061619 103 1,76,collaboration
batch_061619,103,1,7003,49134,2,0,143926,batch_061619 103 1,76,collaboration
batch_061619,103,1,7007,17050,3,0,167983,batch_061619 103 1,76,collaboration
batch_061619,103,1,2005,83322,3,0,253310,batch_061619 103 1,76,collaboration
batch_061619,103,1,7007,32117,4,0,292434,batch_061619 103 1,76,collaboration
batch_061619,103,1,6002,27089,1,5,325525,batch_061619 103 1,76,collaboration
batch_061619,103,1,7005,231772,4,0,564302,batch_061619 103 1,76,collaboration
batch_061619,103,2,6610,129289,5,0,135899,batch_061619 103 2,77,collaboration
batch_061619,103,2,6002,154542,2,0,296443,batch_061619 103 2,77,collaboration
batch_061619,103,2,8008,159503,3,0,463954,batch_061619 103 2,77,collaboration
batch_061619,103,2,15021,57236,1,5,536211,batch_061619 103 2,77,collaboration
batch_061619,103,3,32611,160474,6,0,193085,batch_061619 103 3,78,collaboration
batch_061619,103,3,6005,120417,1,0,319507,batch_061619 103 3,78,collaboration
batch_061619,103,3,7007,150486,4,0,477000,batch_061619 103 3,78,collaboration
batch_061619,105,1,10148,82205,5,0,92353,batch_061619 105 1,79,collaboration
batch_061619,105,1,12015,79323,3,0,183691,batch_061619 105 1,79,collaboration
batch_061619,105,1,13011,128409,6,0,325111,batch_061619 105 1,79,collaboration
batch_061619,105,1,12005,184679,1,0,521795,batch_061619 105 1,79,collaboration
batch_061619,105,1,22057,48258,6,10,592110,batch_061619 105 1,79,collaboration
batch_061619,105,2,41184,150537,2,0,191721,batch_061619 105 2,80,collaboration
batch_061619,105,2,13011,250821,4,0,455553,batch_061619 105 2,80,collaboration
batch_061619,105,3,33143,29126,1,0,62269,batch_061619 105 3,81,collaboration
batch_061619,105,3,8010,14058,4,0,84337,batch_061619 105 3,81,collaboration
batch_061619,105,3,7004,15050,6,0,106391,batch_061619 105 3,81,collaboration
batch_061619,105,3,12006,87369,3,0,205766,batch_061619 105 3,81,collaboration
batch_061619,105,3,14010,148471,6,0,368247,batch_061619 105 3,81,collaboration
batch_061619,105,3,11002,128484,1,1,507733,batch_061619 105 3,81,collaboration
batch_061619,106,1,13622,159549,3,0,173171,batch_061619 106 1,82,collaboration
batch_061619,106,1,8009,111337,5,5,292517,batch_061619 106 1,82,collaboration
batch_061619,106,1,8007,103373,2,1,403897,batch_061619 106 1,82,collaboration
batch_061619,106,1,7004,113450,1,1,524351,batch_061619 106 1,82,collaboration
batch_061619,106,1,1006,10041,1,4,535398,batch_061619 106 1,82,collaboration
batch_061619,106,2,7608,81235,3,0,88843,batch_061619 106 2,83,collaboration
batch_061619,106,2,6004,131475,5,1,226322,batch_061619 106 2,83,collaboration
batch_061619,106,2,11020,24082,2,1,261424,batch_061619 106 2,83,collaboration
batch_061619,106,2,8008,18069,1,1,287501,batch_061619 106 2,83,collaboration
batch_061619,106,2,7007,71245,6,1,365753,batch_061619 106 2,83,collaboration
batch_061619,106,2,10021,70263,4,1,446037,batch_061619 106 2,83,collaboration
batch_061619,106,2,23014,15128,5,15,484179,batch_061619 106 2,83,collaboration
batch_061619,106,2,6004,43209,2,5,533392,batch_061619 106 2,83,collaboration
batch_061619,106,2,9015,28156,1,4,570563,batch_061619 106 2,83,collaboration
batch_061619,106,3,9612,40126,3,0,49738,batch_061619 106 3,84,collaboration
batch_061619,106,3,11014,41166,5,0,101918,batch_061619 106 3,84,collaboration
batch_061619,106,3,9014,42170,2,0,153102,batch_061619 106 3,84,collaboration
batch_061619,106,3,8011,55180,1,0,216293,batch_061619 106 3,84,collaboration
batch_061619,106,3,9011,29095,6,0,254399,batch_061619 106 3,84,collaboration
batch_061619,106,3,19043,35124,4,0,308566,batch_061619 106 3,84,collaboration
batch_061619,106,3,30016,34197,3,6,372779,batch_061619 106 3,84,collaboration
batch_061619,106,3,5018,63224,3,7,441021,batch_061619 106 3,84,collaboration
batch_061619,106,3,8009,28114,5,15,477144,batch_061619 106 3,84,collaboration
batch_061619,106,3,6030,25105,5,16,508279,batch_061619 106 3,84,collaboration
batch_061619,108,1,12713,175621,1,0,188334,batch_061619 108 1,85,collaboration
batch_061619,108,1,22023,287112,2,0,497469,batch_061619 108 1,85,collaboration
batch_061619,108,2,7713,136499,3,0,144212,batch_061619 108 2,86,collaboration
batch_061619,108,2,8008,31099,1,3,183319,batch_061619 108 2,86,collaboration
batch_061619,108,2,12006,35135,5,0,230460,batch_061619 108 2,86,collaboration
batch_061619,108,2,12007,34141,6,0,276608,batch_061619 108 2,86,collaboration
batch_061619,108,2,22006,79351,1,4,377965,batch_061619 108 2,86,collaboration
batch_061619,108,2,7010,69299,3,5,454274,batch_061619 108 2,86,collaboration
batch_061619,108,3,30757,161592,4,0,192349,batch_061619 108 3,87,collaboration
batch_061619,108,3,26093,14025,5,0,232467,batch_061619 108 3,87,collaboration
batch_061619,108,3,4014,119410,5,0,355891,batch_061619 108 3,87,collaboration
batch_061619,108,3,18025,223912,6,0,597828,batch_061619 108 3,87,collaboration
batch_061619,109,1,7923,57223,4,0,65146,batch_061619 109 1,88,collaboration
batch_061619,109,1,11003,98311,3,0,174460,batch_061619 109 1,88,collaboration
batch_061619,109,1,16003,150563,6,0,341026,batch_061619 109 1,88,collaboration
batch_061619,109,1,28008,160747,4,5,529781,batch_061619 109 1,88,collaboration
batch_061619,109,2,21949,126434,2,0,148383,batch_061619 109 2,89,collaboration
batch_061619,109,2,9013,6030,3,4,163426,batch_061619 109 2,89,collaboration
batch_061619,109,2,12006,206746,5,0,382178,batch_061619 109 2,89,collaboration
batch_061619,109,2,9024,110466,1,4,501668,batch_061619 109 2,89,collaboration
batch_061619,109,3,6921,82292,4,0,89213,batch_061619 109 3,90,collaboration
batch_061619,109,3,8009,55174,2,3,152396,batch_061619 109 3,90,collaboration
batch_061619,109,3,11002,156548,1,0,319946,batch_061619 109 3,90,collaboration
batch_061619,109,3,16026,81360,6,11,417332,batch_061619 109 3,90,collaboration
batch_061619,109,3,12007,127533,1,4,556872,batch_061619 109 3,90,collaboration
batch_061619,112,1,19536,40174,5,0,59710,batch_061619 112 1,91,collaboration
batch_061619,112,2,8516,83307,4,0,91823,batch_061619 112 2,92,collaboration
batch_061619,112,2,7005,59223,5,0,158051,batch_061619 112 2,92,collaboration
batch_061619,112,2,8017,68325,3,0,234393,batch_061619 112 2,92,collaboration
batch_061619,112,2,7006,107412,6,0,348811,batch_061619 112 2,92,collaboration
batch_061619,112,2,11017,50160,1,7,409988,batch_061619 112 2,92,collaboration
batch_061619,112,2,8006,102194,2,6,520188,batch_061619 112 2,92,collaboration
batch_061619,112,3,11525,23091,4,0,34616,batch_061619 112 3,93,collaboration
batch_061619,112,3,26002,138619,2,0,199237,batch_061619 112 3,93,collaboration
batch_061619,112,3,8010,156608,1,0,363855,batch_061619 112 3,93,collaboration
batch_061619,113,2,38776,168779,5,0,207555,batch_061619 113 2,95,collaboration
batch_061619,113,2,7043,12034,3,0,226632,batch_061619 113 2,95,collaboration
batch_061619,113,3,11766,233931,4,0,245697,batch_061619 113 3,96,collaboration
batch_061619,113,3,15049,16047,4,5,276793,batch_061619 113 3,96,collaboration
batch_061619,113,3,10016,210480,6,0,497289,batch_061619 113 3,96,collaboration
batch_061619,118,1,10631,83236,2,0,93867,batch_061619 118 1,97,collaboration
batch_061619,118,1,8008,122275,6,0,224150,batch_061619 118 1,97,collaboration
batch_061619,118,1,18004,180447,1,0,422601,batch_061619 118 1,97,collaboration
batch_061619,118,2,18652,120321,2,0,138973,batch_061619 118 2,98,collaboration
batch_061619,118,2,8014,110247,6,1,257234,batch_061619 118 2,98,collaboration
batch_061619,118,2,8006,56141,3,4,321381,batch_061619 118 2,98,collaboration
batch_061619,118,2,6004,67151,5,3,394536,batch_061619 118 2,98,collaboration
batch_061619,118,2,7005,44105,1,2,445646,batch_061619 118 2,98,collaboration
batch_061619,118,2,7005,87200,4,0,539851,batch_061619 118 2,98,collaboration
batch_061619,118,3,9629,114306,2,0,123935,batch_061619 118 3,99,collaboration
batch_061619,118,3,11001,125304,3,0,260240,batch_061619 118 3,99,collaboration
batch_061619,118,3,6002,112257,5,0,378499,batch_061619 118 3,99,collaboration
batch_061619,118,3,8005,101240,1,2,487744,batch_061619 118 3,99,collaboration
batch_061619,118,3,8009,82174,4,6,577927,batch_061619 118 3,99,collaboration
batch_061619,123,2,21624,269511,4,0,291135,batch_061619 123 2,101,collaboration
batch_061619,123,3,12615,168375,1,0,180990,batch_061619 123 3,102,collaboration
batch_061619,123,3,9004,137178,4,1,327172,batch_061619 123 3,102,collaboration
batch_061619,125,1,13431,27049,1,0,40480,batch_061619 125 1,103,collaboration
batch_061619,125,1,7004,68150,5,0,115634,batch_061619 125 1,103,collaboration
batch_061619,125,1,12003,145295,2,0,272932,batch_061619 125 1,103,collaboration
batch_061619,125,2,44467,68162,5,0,112629,batch_061619 125 2,104,collaboration
batch_061619,125,2,6001,133253,6,0,251883,batch_061619 125 2,104,collaboration
batch_061619,125,2,12006,23078,1,1,286967,batch_061619 125 2,104,collaboration
batch_061619,125,2,23006,136321,3,1,446294,batch_061619 125 2,104,collaboration
batch_061619,125,3,6429,228413,4,0,234842,batch_061619 125 3,105,collaboration
batch_061619,125,3,8014,111257,1,1,354113,batch_061619 125 3,105,collaboration
batch_061619,125,3,12003,75168,6,6,441284,batch_061619 125 3,105,collaboration
batch_061619,125,3,13018,127332,2,10,581634,batch_061619 125 3,105,collaboration
batch_061619,126,1,16974,220499,6,0,237473,batch_061619 126 1,106,collaboration
batch_061619,126,1,12005,207504,3,0,456982,batch_061619 126 1,106,collaboration
batch_061619,126,2,14980,299655,4,0,314635,batch_061619 126 2,107,collaboration
batch_061619,126,2,6003,42122,6,11,362760,batch_061619 126 2,107,collaboration
batch_061619,126,2,13026,17055,4,7,392841,batch_061619 126 2,107,collaboration
batch_061619,126,2,11001,54141,2,7,457983,batch_061619 126 2,107,collaboration
batch_061119,2,1,9209,68253,3,0,77462,batch_061119 2 1,19,competition
batch_061119,2,1,6007,8039,4,2,91508,batch_061119 2 1,19,competition
batch_061119,2,1,7007,60277,2,0,158792,batch_061119 2 1,19,competition
batch_061119,2,1,7009,11063,5,0,176864,batch_061119 2 1,19,competition
batch_061119,2,1,7027,83926,6,0,267817,batch_061119 2 1,19,competition
batch_061119,2,1,7013,154319,1,3,429149,batch_061119 2 1,19,competition
batch_061119,2,2,6206,60219,3,0,66425,batch_061119 2 2,20,competition
batch_061119,2,2,11003,85379,2,0,162807,batch_061119 2 2,20,competition
batch_061119,2,2,16005,50620,1,0,229432,batch_061119 2 2,20,competition
batch_061119,2,2,21018,84829,4,5,335279,batch_061119 2 2,20,competition
batch_061119,2,2,7037,57523,2,9,399839,batch_061119 2 2,20,competition
batch_061119,2,2,13017,59022,6,8,471878,batch_061119 2 2,20,competition
batch_061119,2,2,16128,73186,5,18,561192,batch_061119 2 2,20,competition
batch_061119,2,3,6206,3016,3,0,9222,batch_061119 2 3,21,competition
batch_061119,2,3,2033,40111,3,0,51366,batch_061119 2 3,21,competition
batch_061119,2,3,6003,67284,4,0,124653,batch_061119 2 3,21,competition
batch_061119,2,3,14019,95847,5,0,234519,batch_061119 2 3,21,competition
batch_061119,2,3,11007,38373,1,1,283899,batch_061119 2 3,21,competition
batch_061119,2,3,7013,47421,6,5,338333,batch_061119 2 3,21,competition
batch_061119,2,3,6019,107261,5,6,451613,batch_061119 2 3,21,competition
batch_061119,2,3,6011,81923,2,12,539547,batch_061119 2 3,21,competition
batch_061119,2,3,12024,43098,3,7,594669,batch_061119 2 3,21,competition
batch_061119,3,1,6079,83299,5,0,89378,batch_061119 3 1,37,competition
batch_061119,3,1,7018,55243,2,0,151639,batch_061119 3 1,37,competition
batch_061119,3,1,7011,54622,1,0,213272,batch_061119 3 1,37,competition
batch_061119,3,1,11165,32233,3,1,256670,batch_061119 3 1,37,competition
batch_061119,3,1,6007,66552,4,3,329229,batch_061119 3 1,37,competition
batch_061119,3,1,7010,89124,6,1,425363,batch_061119 3 1,37,competition
batch_061119,3,1,7008,14160,4,9,446531,batch_061119 3 1,37,competition
batch_061119,3,2,6079,142552,5,0,148631,batch_061119 3 2,38,competition
batch_061119,3,2,11021,3077,2,4,162729,batch_061119 3 2,38,competition
batch_061119,3,2,13022,122185,3,0,297936,batch_061119 3 2,38,competition
batch_061119,3,2,12014,75749,6,0,385699,batch_061119 3 2,38,competition
batch_061119,3,2,22025,51055,2,4,458779,batch_061119 3 2,38,competition
batch_061119,3,2,8018,57699,1,4,524496,batch_061119 3 2,38,competition
batch_061119,3,3,6079,27098,5,0,33177,batch_061119 3 3,39,competition
batch_061119,3,3,8010,96404,2,0,137591,batch_061119 3 3,39,competition
batch_061119,3,3,6003,48456,1,0,192050,batch_061119 3 3,39,competition
batch_061119,3,3,11003,127180,4,0,330233,batch_061119 3 3,39,competition
batch_061119,3,3,8014,31325,6,1,369572,batch_061119 3 3,39,competition
batch_061119,3,3,16007,41792,1,3,427371,batch_061119 3 3,39,competition
batch_061119,3,3,7023,91156,3,6,525550,batch_061119 3 3,39,competition
batch_061119,7,1,6940,136101,4,0,143041,batch_061119 7 1,82,competition
batch_061119,7,1,11021,132042,6,0,286104,batch_061119 7 1,82,competition
batch_061119,7,1,19026,76238,5,0,381368,batch_061119 7 1,82,competition
batch_061119,7,2,5935,32168,4,0,38103,batch_061119 7 2,83,competition
batch_061119,7,2,1003,60348,4,3,99454,batch_061119 7 2,83,competition
batch_061119,7,2,6054,50617,2,0,156125,batch_061119 7 2,83,competition
batch_061119,7,2,6004,53362,6,0,215491,batch_061119 7 2,83,competition
batch_061119,7,2,6005,27306,1,0,248802,batch_061119 7 2,83,competition
batch_061119,7,2,1009,3014,1,4,252825,batch_061119 7 2,83,competition
batch_061119,7,2,6004,63642,3,0,322471,batch_061119 7 2,83,competition
batch_061119,7,2,6005,108387,5,2,436863,batch_061119 7 2,83,competition
batch_061119,7,2,17020,17839,6,11,471722,batch_061119 7 2,83,competition
batch_061119,7,2,11011,21462,4,13,504195,batch_061119 7 2,83,competition
batch_061119,7,2,6011,49562,2,7,559768,batch_061119 7 2,83,competition
batch_061119,7,2,6009,30720,6,12,596497,batch_061119 7 2,83,competition
batch_061119,7,3,30040,63355,4,1,93395,batch_061119 7 3,84,competition
batch_061119,7,3,7008,83883,2,0,184286,batch_061119 7 3,84,competition
batch_061119,7,3,12007,103927,1,0,300220,batch_061119 7 3,84,competition
batch_061119,7,3,12013,78200,5,0,390433,batch_061119 7 3,84,competition
batch_061119,7,3,7013,87483,3,4,484929,batch_061119 7 3,84,competition
batch_061119,7,3,10045,88208,1,5,583182,batch_061119 7 3,84,competition
batch_061119,8,1,7403,12072,1,0,19475,batch_061119 8 1,88,competition
batch_061119,8,1,6003,124103,6,0,149581,batch_061119 8 1,88,competition
batch_061119,8,1,7014,7061,3,4,163656,batch_061119 8 1,88,competition
batch_061119,8,1,12008,68608,2,1,244272,batch_061119 8 1,88,competition
batch_061119,8,1,12016,164016,3,4,420304,batch_061119 8 1,88,competition
batch_061119,8,1,17249,94511,2,3,532064,batch_061119 8 1,88,competition
batch_061119,8,1,7038,29625,4,8,568727,batch_061119 8 1,88,competition
batch_061119,8,2,26397,11150,2,0,37547,batch_061119 8 2,89,competition
batch_061119,8,2,2007,42418,2,0,81972,batch_061119 8 2,89,competition
batch_061119,8,2,7009,205767,5,0,294748,batch_061119 8 2,89,competition
batch_061119,8,2,14070,116575,4,3,425393,batch_061119 8 2,89,competition
batch_061119,8,2,13244,83299,6,3,521936,batch_061119 8 2,89,competition
batch_061119,8,3,30466,77685,3,0,108151,batch_061119 8 3,90,competition
batch_061119,8,3,21319,5021,3,4,134491,batch_061119 8 3,90,competition
batch_061119,8,3,6004,60411,4,0,200906,batch_061119 8 3,90,competition
batch_061119,10,1,33429,208143,2,0,241572,batch_061119 10 1,1,competition
batch_061119,10,1,22018,181728,4,0,445318,batch_061119 10 1,1,competition
batch_061119,10,2,8216,3048,5,0,11264,batch_061119 10 2,2,competition
batch_061119,10,2,8012,90831,2,0,110107,batch_061119 10 2,2,competition
batch_061119,10,2,13018,167953,3,0,291078,batch_061119 10 2,2,competition
batch_061119,10,2,10029,28390,1,3,329497,batch_061119 10 2,2,competition
batch_061119,10,3,7211,97858,5,0,105069,batch_061119 10 3,3,competition
batch_061119,10,3,12013,110234,6,0,227316,batch_061119 10 3,3,competition
batch_061119,10,3,12099,106616,1,0,346031,batch_061119 10 3,3,competition
batch_061119,11,1,5788,14279,5,0,20067,batch_061119 11 1,4,competition
batch_061119,11,1,18013,116986,6,0,155066,batch_061119 11 1,4,competition
batch_061119,11,1,12064.5,111377.5,2,0,278508,batch_061119 11 1,4,competition
batch_061119,11,1,26007,102966,5,0,407481,batch_061119 11 1,4,competition
batch_061119,11,1,22014,83459,1,1,512954,batch_061119 11 1,4,competition
batch_061119,11,2,12815,178618,3,0,191433,batch_061119 11 2,5,competition
batch_061119,11,2,8018,6206,4,4,205657,batch_061119 11 2,5,competition
batch_061119,11,2,8087,57722,6,3,271466,batch_061119 11 2,5,competition
batch_061119,11,2,7013,11154,1,1,289633,batch_061119 11 2,5,competition
batch_061119,11,2,30123,94803,5,0,414559,batch_061119 11 2,5,competition
batch_061119,11,2,24033,85436,1,1,524028,batch_061119 11 2,5,competition
batch_061119,11,3,33048,77651,4,0,110699,batch_061119 11 3,6,competition
batch_061119,11,3,11014,31341,1,0,153054,batch_061119 11 3,6,competition
batch_061119,11,3,6007,139689,2,0,298750,batch_061119 11 3,6,competition
batch_061119,11,3,17018,65456,4,4,381224,batch_061119 11 3,6,competition
batch_061119,11,3,17116,40513,3,6,438853,batch_061119 11 3,6,competition
batch_061119,12,1,12031,80661,3,0,92692,batch_061119 12 1,7,competition
batch_061119,12,1,6004,115446,5,0,214142,batch_061119 12 1,7,competition
batch_061119,12,1,6011,109694,2,0,329847,batch_061119 12 1,7,competition
batch_061119,12,2,8035,32204,1,0,40239,batch_061119 12 2,8,competition
batch_061119,12,3,7031,138084,1,0,145115,batch_061119 12 3,9,competition
batch_061119,12,3,9057,72101,3,6,226273,batch_061119 12 3,9,competition
batch_061119,12,3,7017,76287,5,13,309577,batch_061119 12 3,9,competition
batch_061119,13,1,7008,69578,2,0,76586,batch_061119 13 1,10,competition
batch_061119,13,1,12019,75063,6,0,163668,batch_061119 13 1,10,competition
batch_061119,13,1,12008,213967,3,0,389643,batch_061119 13 1,10,competition
batch_061119,13,1,7079,126533,5,2,523255,batch_061119 13 1,10,competition
batch_061119,13,2,18039,171873,1,0,189912,batch_061119 13 2,11,competition
batch_061119,13,2,11164,102595,6,4,303671,batch_061119 13 2,11,competition
batch_061119,13,3,7008,112950,2,0,119958,batch_061119 13 3,12,competition
batch_061119,13,3,17010,119672,4,0,256640,batch_061119 13 3,12,competition
batch_061119,13,3,12021,210157,5,0,478818,batch_061119 13 3,12,competition
batch_061119,13,3,27009,73991,2,7,579818,batch_061119 13 3,12,competition
batch_061119,14,1,9810,112039,2,0,121849,batch_061119 14 1,13,competition
batch_061119,14,1,8013,50883,1,2,180745,batch_061119 14 1,13,competition
batch_061119,14,1,24037,207410,6,0,412192,batch_061119 14 1,13,competition
batch_061119,14,1,7009,84700,5,8,503901,batch_061119 14 1,13,competition
batch_061119,14,2,24907,9115,2,0,34022,batch_061119 14 2,14,competition
batch_061119,14,2,8057,141691,1,0,183770,batch_061119 14 2,14,competition
batch_061119,14,2,9029,138050,4,0,330849,batch_061119 14 2,14,competition
batch_061119,14,2,7015,5100,3,13,342964,batch_061119 14 2,14,competition
batch_061119,14,2,17020,49194,2,4,409178,batch_061119 14 2,14,competition
batch_061119,14,2,18014,60599,3,13,487791,batch_061119 14 2,14,competition
batch_061119,14,2,11049,5061,5,14,503901,batch_061119 14 2,14,competition
batch_061119,14,2,7016,28267,6,9,539184,batch_061119 14 2,14,competition
batch_061119,14,3,20821,35406,4,0,56227,batch_061119 14 3,15,competition
batch_061119,14,3,7016,224101,3,0,287344,batch_061119 14 3,15,competition
batch_061119,14,3,7033,184326,5,0,478703,batch_061119 14 3,15,competition
batch_061119,14,3,17011,78985,1,4,574699,batch_061119 14 3,15,competition
batch_061119,15,1,6578,58563,1,0,65141,batch_061119 15 1,16,competition
batch_061119,15,1,6005,79023,2,0,150169,batch_061119 15 1,16,competition
batch_061119,15,1,7020,22340,3,0,179529,batch_061119 15 1,16,competition
batch_061119,15,1,6005,55058,4,0,240592,batch_061119 15 1,16,competition
batch_061119,15,1,6008,29491,5,1,276091,batch_061119 15 1,16,competition
batch_061119,15,1,6011,100674,6,0,382776,batch_061119 15 1,16,competition
batch_061119,15,1,19041,34296,3,5,436113,batch_061119 15 1,16,competition
batch_061119,15,1,6004,107069,4,4,549186,batch_061119 15 1,16,competition
batch_061119,15,2,7583,93917,1,0,101500,batch_061119 15 2,17,competition
batch_061119,15,2,5035,7093,1,4,113628,batch_061119 15 2,17,competition
batch_061119,15,2,12048,74017,3,0,199693,batch_061119 15 2,17,competition
batch_061119,15,2,13062,99742,5,0,312497,batch_061119 15 2,17,competition
batch_061119,15,2,10057,6112,4,4,328666,batch_061119 15 2,17,competition
batch_061119,15,2,11106,85269,3,4,425041,batch_061119 15 2,17,competition
batch_061119,15,2,7013,104939,2,4,536993,batch_061119 15 2,17,competition
batch_061119,15,3,14636,89890,1,0,104526,batch_061119 15 3,18,competition
batch_061119,15,3,6005,28552,2,2,139083,batch_061119 15 3,18,competition
batch_061119,15,3,13059,50613,3,0,202755,batch_061119 15 3,18,competition
batch_061119,15,3,9042,27778,4,1,239575,batch_061119 15 3,18,competition
batch_061119,15,3,5000,58837,5,1,303412,batch_061119 15 3,18,competition
batch_061119,15,3,14085,60169,6,3,377666,batch_061119 15 3,18,competition
batch_061119,15,3,16165,29198,5,8,423029,batch_061119 15 3,18,competition
batch_061119,15,3,13019,37436,3,7,473484,batch_061119 15 3,18,competition
batch_061119,15,3,10047,8078,2,5,491609,batch_061119 15 3,18,competition
batch_061119,20,1,23264,16383,1,0,39647,batch_061119 20 1,22,competition
batch_061119,20,1,7014,164393,4,0,211054,batch_061119 20 1,22,competition
batch_061119,20,1,14032,156875,6,0,381961,batch_061119 20 1,22,competition
batch_061119,20,1,26087,41654,1,4,449702,batch_061119 20 1,22,competition
batch_061119,20,2,7220,112742,5,0,119962,batch_061119 20 2,23,competition
batch_061119,20,2,7036,94222,2,3,221220,batch_061119 20 2,23,competition
batch_061119,20,2,7107,85039,1,0,313366,batch_061119 20 2,23,competition
batch_061119,20,2,6008,97084,4,7,416458,batch_061119 20 2,23,competition
batch_061119,20,2,11065,114830,3,7,542353,batch_061119 20 2,23,competition
batch_061119,20,3,12220,145233,2,0,157453,batch_061119 20 3,24,competition
batch_061119,20,3,8019,15216,1,0,180688,batch_061119 20 3,24,competition
batch_061119,20,3,12015,92457,3,0,285160,batch_061119 20 3,24,competition
batch_061119,20,3,8016,49497,6,3,342673,batch_061119 20 3,24,competition
batch_061119,20,3,7011,185543,3,4,535227,batch_061119 20 3,24,competition
batch_061119,22,1,14439,122021,2,0,136460,batch_061119 22 1,25,competition
batch_061119,22,1,12017,109540,3,0,258017,batch_061119 22 1,25,competition
batch_061119,22,1,7028,90929,1,0,355974,batch_061119 22 1,25,competition
batch_061119,22,1,7017,78705,4,11,441696,batch_061119 22 1,25,competition
batch_061119,22,2,15523,65314,5,0,80837,batch_061119 22 2,26,competition
batch_061119,22,2,12033,101732,6,0,194602,batch_061119 22 2,26,competition
batch_061119,22,2,13035,129069,1,0,336706,batch_061119 22 2,26,competition
batch_061119,22,3,6417,133069,5,0,139486,batch_061119 22 3,27,competition
batch_061119,22,3,7020,7179,2,10,153685,batch_061119 22 3,27,competition
batch_061119,22,3,16013,9483,1,0,179181,batch_061119 22 3,27,competition
batch_061119,22,3,6030,163626,4,0,348837,batch_061119 22 3,27,competition
batch_061119,22,3,6005,10326,1,8,365168,batch_061119 22 3,27,competition
batch_061119,22,3,6015,185394,3,9,556577,batch_061119 22 3,27,competition
batch_061119,24,1,9652,255081,1,0,264733,batch_061119 24 1,28,competition
batch_061119,24,1,16099,102027,2,4,382859,batch_061119 24 1,28,competition
batch_061119,24,2,14652,187526,2,0,202178,batch_061119 24 2,29,competition
batch_061119,24,2,7009,114261,3,0,323448,batch_061119 24 2,29,competition
batch_061119,24,3,15740,208688,1,0,224428,batch_061119 24 3,30,competition
batch_061119,24,3,8021,49427,2,4,281876,batch_061119 24 3,30,competition
batch_061119,24,3,7014,14205,3,3,303095,batch_061119 24 3,30,competition
batch_061119,27,1,23579,149815,5,0,173394,batch_061119 27 1,31,competition
batch_061119,27,1,13033,140267,2,0,326694,batch_061119 27 1,31,competition
batch_061119,27,1,16029,137031,3,1,479754,batch_061119 27 1,31,competition
batch_061119,27,1,13009,94432,2,6,587195,batch_061119 27 1,31,competition
batch_061119,27,2,8458,55083,1,0,63541,batch_061119 27 2,32,competition
batch_061119,27,2,32215,11036,5,1,106792,batch_061119 27 2,32,competition
batch_061119,27,2,4051,5086,5,2,115929,batch_061119 27 2,32,competition
batch_061119,27,2,66345.5,54843.5,1,1,237118,batch_061119 27 2,32,competition
batch_061119,27,2,8042,48355,5,8,293515,batch_061119 27 2,32,competition
batch_061119,27,2,18025,119994,6,0,431534,batch_061119 27 2,32,competition
batch_061119,27,3,33458,1635,3,0,35093,batch_061119 27 3,33,competition
batch_061119,27,3,12365,105787,3,0,153245,batch_061119 27 3,33,competition
batch_061119,27,3,32049,33715,1,1,219009,batch_061119 27 3,33,competition
batch_061119,27,3,15034,68537,4,0,302580,batch_061119 27 3,33,competition
batch_061119,27,3,13018,36358,6,0,351956,batch_061119 27 3,33,competition
batch_061119,27,3,15079,37346,6,7,404381,batch_061119 27 3,33,competition
batch_061119,27,3,6005,49282,3,3,459668,batch_061119 27 3,33,competition
batch_061119,28,1,28716,135073,4,0,163789,batch_061119 28 1,34,competition
batch_061119,28,1,7014,200772,5,0,371575,batch_061119 28 1,34,competition
batch_061119,28,1,7026,38269,1,6,416870,batch_061119 28 1,34,competition
batch_061119,28,3,10255,168729,4,0,178984,batch_061119 28 3,36,competition
batch_061119,28,3,11042,85804,1,0,275830,batch_061119 28 3,36,competition
batch_061119,28,3,6008,127996,2,0,409834,batch_061119 28 3,36,competition
batch_061119,28,3,6004,99427,6,0,515265,batch_061119 28 3,36,competition
batch_061119,31,1,23819,11196,5,0,35015,batch_061119 31 1,40,competition
batch_061119,31,1,9044,3066,4,0,47125,batch_061119 31 1,40,competition
batch_061119,31,1,16034,5243,1,0,68402,batch_061119 31 1,40,competition
batch_061119,31,1,23027,8334,2,1,99763,batch_061119 31 1,40,competition
batch_061119,31,1,8016,3040,5,0,110819,batch_061119 31 1,40,competition
batch_061119,31,1,7013,460403,4,0,578235,batch_061119 31 1,40,competition
batch_061119,31,2,5774,58555,3,0,64329,batch_061119 31 2,41,competition
batch_061119,31,2,6042,42461,2,0,112832,batch_061119 31 2,41,competition
batch_061119,31,2,8023,55394,5,0,176249,batch_061119 31 2,41,competition
batch_061119,31,2,3013,3013,5,3,182275,batch_061119 31 2,41,competition
batch_061119,31,2,4022,41357,5,3,227654,batch_061119 31 2,41,competition
batch_061119,31,2,8059,49357,5,6,285070,batch_061119 31 2,41,competition
batch_061119,31,2,9057,27150,2,7,321277,batch_061119 31 2,41,competition
batch_061119,31,2,6003,144613,5,9,471893,batch_061119 31 2,41,competition
batch_061119,31,3,6781,116162,3,0,122943,batch_061119 31 3,42,competition
batch_061119,31,3,11030,202375,2,2,336348,batch_061119 31 3,42,competition
batch_061119,32,2,7308,127047,6,0,134355,batch_061119 32 2,44,competition
batch_061119,32,2,6013,131877,2,0,272245,batch_061119 32 2,44,competition
batch_061119,32,2,6002,110482,4,0,388729,batch_061119 32 2,44,competition
batch_061119,32,2,6002,71255,1,0,465986,batch_061119 32 2,44,competition
batch_061119,32,2,6003,108800,5,0,580789,batch_061119 32 2,44,competition
batch_061119,32,3,17456,19217,2,0,36673,batch_061119 32 3,45,competition
batch_061119,35,1,42783,18371,5,0,61154,batch_061119 35 1,46,competition
batch_061119,35,1,28011,97570,4,2,186735,batch_061119 35 1,46,competition
batch_061119,35,1,16003,40232,1,0,242970,batch_061119 35 1,46,competition
batch_061119,35,1,7009,80279,2,0,330258,batch_061119 35 1,46,competition
batch_061119,35,2,17783,88618,4,0,106401,batch_061119 35 2,47,competition
batch_061119,35,2,14013,223880,3,0,344294,batch_061119 35 2,47,competition
batch_061119,35,3,33721,167083,5,0,200804,batch_061119 35 3,48,competition
batch_061119,40,1,13456,138571,2,0,152027,batch_061119 40 1,49,competition
batch_061119,40,1,7018,44488,1,1,203533,batch_061119 40 1,49,competition
batch_061119,40,1,7013,294705,5,1,505251,batch_061119 40 1,49,competition
batch_061119,40,2,6432,63230,2,0,69662,batch_061119 40 2,50,competition
batch_061119,40,2,6003,45147,1,0,120812,batch_061119 40 2,50,competition
batch_061119,40,2,23031,136161,6,0,280004,batch_061119 40 2,50,competition
batch_061119,40,2,7010,32110,4,2,319124,batch_061119 40 2,50,competition
batch_061119,40,2,3010,11030,4,3,333164,batch_061119 40 2,50,competition
batch_061119,40,2,7005,8089,5,6,348258,batch_061119 40 2,50,competition
batch_061119,40,2,7017,38586,4,3,393861,batch_061119 40 2,50,competition
batch_061119,40,2,13009,6069,3,2,412939,batch_061119 40 2,50,competition
batch_061119,40,2,82272,4019,3,2,499230,batch_061119 40 2,50,competition
batch_061119,40,3,24461,44198,5,0,68659,batch_061119 40 3,51,competition
batch_061119,40,3,15026,28098,4,0,111783,batch_061119 40 3,51,competition
batch_061119,40,3,29069,42608,3,0,183460,batch_061119 40 3,51,competition
batch_061119,40,3,21036,28226,4,2,232722,batch_061119 40 3,51,competition
batch_061119,40,3,17011,27258,2,7,276991,batch_061119 40 3,51,competition
batch_061119,40,3,8013,30110,1,1,315114,batch_061119 40 3,51,competition
batch_061119,42,2,7265,176267,3,0,183532,batch_061119 42 2,53,competition
batch_061119,42,2,7005,163059,4,0,353596,batch_061119 42 2,53,competition
batch_061119,42,3,8272,237622,3,0,245894,batch_061119 42 3,54,competition
batch_061119,42,3,7007,151869,4,2,404770,batch_061119 42 3,54,competition
batch_061119,44,1,39440,436226,2,0,475666,batch_061119 44 1,55,competition
batch_061119,44,1,11014,55448,6,0,542128,batch_061119 44 1,55,competition
batch_061119,44,1,25038,27245,5,0,594411,batch_061119 44 1,55,competition
batch_061119,44,2,11418,41214,5,0,52632,batch_061119 44 2,56,competition
batch_061119,44,2,7002,244343,3,0,303977,batch_061119 44 2,56,competition
batch_061119,44,2,10020,212946,4,0,526943,batch_061119 44 2,56,competition
batch_061119,44,3,38433,331000,2,0,369433,batch_061119 44 3,57,competition
batch_061119,44,3,33028.5,39135.5,5,0,441597,batch_061119 44 3,57,competition
batch_061119,50,1,17883,108542,4,0,126425,batch_061119 50 1,58,competition
batch_061119,50,1,9009,106595,5,11,242029,batch_061119 50 1,58,competition
batch_061119,50,1,14048,123586,3,4,379663,batch_061119 50 1,58,competition
batch_061119,50,2,12883,177727,5,0,190610,batch_061119 50 2,59,competition
batch_061119,50,2,2007,69534,5,15,262151,batch_061119 50 2,59,competition
batch_061119,50,3,7858,174728,5,0,182586,batch_061119 50 3,60,competition
batch_061119,50,3,14017,71579,3,0,268182,batch_061119 50 3,60,competition
batch_061119,50,3,7014,94437,6,0,369633,batch_061119 50 3,60,competition
batch_061119,52,1,17711,3020,5,0,20731,batch_061119 52 1,61,competition
batch_061119,52,1,7003,304455,3,0,332189,batch_061119 52 1,61,competition
batch_061119,52,1,6003,163697,6,0,501889,batch_061119 52 1,61,competition
batch_061119,52,2,7686,333527,5,0,341213,batch_061119 52 2,62,competition
batch_061119,52,3,10693,183936,5,0,194629,batch_061119 52 3,63,competition
batch_061119,52,3,6061,69266,5,8,269956,batch_061119 52 3,63,competition
batch_061119,59,1,7997,17097,4,0,25094,batch_061119 59 1,64,competition
batch_061119,59,1,10044,241409,4,0,276547,batch_061119 59 1,64,competition
batch_061119,59,1,13026,71312,6,4,360885,batch_061119 59 1,64,competition
batch_061119,59,1,17005,112418,1,3,490308,batch_061119 59 1,64,competition
batch_061119,59,2,20007,179077,3,0,199084,batch_061119 59 2,65,competition
batch_061119,59,2,12036.5,67434.5,1,0,278555,batch_061119 59 2,65,competition
batch_061119,59,2,8007,156600,5,0,443162,batch_061119 59 2,65,competition
batch_061119,59,2,30016,6073,4,6,479251,batch_061119 59 2,65,competition
batch_061119,59,2,16007,95438,2,6,590696,batch_061119 59 2,65,competition
batch_061119,59,3,34091,74405,6,0,108496,batch_061119 59 3,66,competition
batch_061119,59,3,12020,61471,2,0,181987,batch_061119 59 3,66,competition
batch_061119,59,3,14018,114663,6,0,310668,batch_061119 59 3,66,competition
batch_061119,59,3,12005,83367,2,0,406040,batch_061119 59 3,66,competition
batch_061119,60,1,7056,54458,4,0,61514,batch_061119 60 1,67,competition
batch_061119,60,1,17005,152842,3,0,231361,batch_061119 60 1,67,competition
batch_061119,60,1,7006,151552,6,0,389919,batch_061119 60 1,67,competition
batch_061119,60,1,13019,47210,1,2,450148,batch_061119 60 1,67,competition
batch_061119,60,2,6053,57466,4,0,63519,batch_061119 60 2,68,competition
batch_061119,60,2,7052,66291,2,0,136862,batch_061119 60 2,68,competition
batch_061119,60,2,7006,93578,5,0,237446,batch_061119 60 2,68,competition
batch_061119,60,2,18017,81310,1,0,336773,batch_061119 60 2,68,competition
batch_061119,60,2,7005,52154,6,6,395932,batch_061119 60 2,68,competition
batch_061119,60,3,30168,43390,4,1,73558,batch_061119 60 3,69,competition
batch_061119,60,3,9012,156891,2,0,239461,batch_061119 60 3,69,competition
batch_061119,60,3,8008,98335,5,5,345804,batch_061119 60 3,69,competition
batch_061119,60,3,7006,98341,3,6,451151,batch_061119 60 3,69,competition
batch_061119,60,3,8011,43180,6,10,502342,batch_061119 60 3,69,competition
batch_061119,60,3,15060,53169,1,3,570571,batch_061119 60 3,69,competition
batch_061119,61,1,17828,65289,1,0,83117,batch_061119 61 1,70,competition
batch_061119,61,1,6012,148727,5,0,237856,batch_061119 61 1,70,competition
batch_061119,61,1,6002,79266,6,0,323124,batch_061119 61 1,70,competition
batch_061119,61,1,6002,132541,3,0,461667,batch_061119 61 1,70,competition
batch_061119,61,1,17004,91265,1,1,569936,batch_061119 61 1,70,competition
batch_061119,61,2,15775,211046,4,0,226821,batch_061119 61 2,71,competition
batch_061119,61,2,21047,43177,1,1,291045,batch_061119 61 2,71,competition
batch_061119,61,2,7008,90324,5,8,388377,batch_061119 61 2,71,competition
batch_061119,61,2,8008,119430,6,3,515815,batch_061119 61 2,71,competition
batch_061119,61,3,31750,177018,2,0,208768,batch_061119 61 3,72,competition
batch_061119,61,3,31015.5,7094.5,4,5,246878,batch_061119 61 3,72,competition
batch_061119,61,3,3024,3013,4,5,252915,batch_061119 61 3,72,competition
batch_061119,61,3,1004,2018,4,5,255937,batch_061119 61 3,72,competition
batch_061119,61,3,4014,133439,4,5,393390,batch_061119 61 3,72,competition
batch_061119,61,3,29031,96405,2,3,518826,batch_061119 61 3,72,competition
batch_061119,61,3,4013,12030,2,6,534869,batch_061119 61 3,72,competition
batch_061119,61,3,4008,51138,2,6,590015,batch_061119 61 3,72,competition
batch_061119,65,2,7085,69174,3,0,76259,batch_061119 65 2,74,competition
batch_061119,65,2,27003,42112,2,0,145374,batch_061119 65 2,74,competition
batch_061119,65,2,1002,3015,2,0,149391,batch_061119 65 2,74,competition
batch_061119,65,2,11002,17073,1,0,177466,batch_061119 65 2,74,competition
batch_061119,65,2,17010,53238,3,5,247714,batch_061119 65 2,74,competition
batch_061119,65,2,6002,67184,6,0,320900,batch_061119 65 2,74,competition
batch_061119,65,3,10088,108247,3,0,118335,batch_061119 65 3,75,competition
batch_061119,65,3,13004,241856,5,0,373195,batch_061119 65 3,75,competition
batch_061119,65,3,8013,114825,1,0,496033,batch_061119 65 3,75,competition
batch_061119,66,1,20714,204815,3,0,225529,batch_061119 66 1,76,competition
batch_061119,66,1,8066,99676,2,0,333271,batch_061119 66 1,76,competition
batch_061119,66,1,18078,140511,1,0,491860,batch_061119 66 1,76,competition
batch_061119,66,1,8015,32075,4,0,531950,batch_061119 66 1,76,competition
batch_061119,66,1,2006,6010,4,0,539966,batch_061119 66 1,76,competition
batch_061119,66,1,7004,24116,6,0,571086,batch_061119 66 1,76,competition
batch_061119,66,1,7003,14028,5,14,592117,batch_061119 66 1,76,competition
batch_061119,66,2,7663,206791,3,0,214454,batch_061119 66 2,77,competition
batch_061119,66,2,7007,159039,2,0,380500,batch_061119 66 2,77,competition
batch_061119,66,2,6003,136432,1,0,522935,batch_061119 66 2,77,competition
batch_061119,67,1,104650,223146,2,0,327796,batch_061119 67 1,79,competition
batch_061119,67,3,6087,113852,5,0,119939,batch_061119 67 3,81,competition
batch_061119,67,3,6002,58370,1,0,184311,batch_061119 67 3,81,competition
batch_061119,72,1,35912,461942,3,0,497854,batch_061119 72 1,85,competition
batch_061119,72,1,3011,29177,3,6,530042,batch_061119 72 1,85,competition
batch_061119,72,1,27035,37516,6,10,594593,batch_061119 72 1,85,competition
batch_061119,72,2,20912,194701,4,0,215613,batch_061119 72 2,86,competition
batch_061119,72,2,13024,32131,6,6,260768,batch_061119 72 2,86,competition
batch_061119,72,2,4016,21076,6,10,285860,batch_061119 72 2,86,competition
batch_061119,72,2,2007,17054,6,10,304921,batch_061119 72 2,86,competition
batch_061119,72,2,2004,60217,6,10,367142,batch_061119 72 2,86,competition
batch_061119,72,2,5028,4021,6,10,376191,batch_061119 72 2,86,competition
batch_061119,72,3,5895,87335,6,0,93230,batch_061119 72 3,87,competition
batch_061119,72,3,7013,25045,1,0,125288,batch_061119 72 3,87,competition
batch_061119,72,3,12002,134529,2,0,271819,batch_061119 72 3,87,competition
batch_061119,72,3,8009,162723,5,0,442551,batch_061119 72 3,87,competition
batch_061119,81,2,25362,242957,5,0,268319,batch_061119 81 2,92,competition
batch_061119,81,2,10070,48392,4,8,326781,batch_061119 81 2,92,competition
batch_061119,81,2,12055,183186,6,3,522022,batch_061119 81 2,92,competition
batch_061119,81,2,8013,61217,2,1,591252,batch_061119 81 2,92,competition
batch_061119,81,3,6352,35324,2,0,41676,batch_061119 81 3,93,competition
batch_061119,81,3,6008,93866,6,0,141550,batch_061119 81 3,93,competition
batch_061119,81,3,6006,131864,4,0,279420,batch_061119 81 3,93,competition
batch_061119,81,3,9023,131082,5,0,419525,batch_061119 81 3,93,competition
batch_061119,81,3,6011,158692,3,0,584228,batch_061119 81 3,93,competition
batch_061119,86,1,80598,175357,6,0,255955,batch_061119 86 1,94,competition
batch_061119,86,3,19220,11060,4,0,30280,batch_061119 86 3,96,competition
batch_061119,86,3,15010,6188,6,0,51478,batch_061119 86 3,96,competition
batch_061119,86,3,2005,3010,6,0,56493,batch_061119 86 3,96,competition
batch_061119,86,3,2009,4023,6,0,62525,batch_061119 86 3,96,competition
batch_061119,86,3,6003,21070,5,0,89598,batch_061119 86 3,96,competition
batch_061119,86,3,3008,4017,5,0,96623,batch_061119 86 3,96,competition
batch_061119,86,3,8006,143258,6,0,247887,batch_061119 86 3,96,competition
batch_061119,86,3,3004,18090,6,21,268981,batch_061119 86 3,96,competition
batch_061119,86,3,7003,80230,5,3,356214,batch_061119 86 3,96,competition
batch_061119,88,1,11286,31094,1,0,42380,batch_061119 88 1,97,competition
batch_061119,88,1,3008,93175,1,1,138563,batch_061119 88 1,97,competition
batch_061119,88,1,5020,52116,1,15,195699,batch_061119 88 1,97,competition
batch_061119,88,1,10018,15023,5,8,220740,batch_061119 88 1,97,competition
batch_061119,88,1,9015,58153,2,1,287908,batch_061119 88 1,97,competition
batch_061119,88,1,20015,69138,3,0,377061,batch_061119 88 1,97,competition
batch_061119,88,1,9005,34068,4,0,420134,batch_061119 88 1,97,competition
batch_061119,88,1,7006,50269,6,13,477409,batch_061119 88 1,97,competition
batch_061119,88,1,13043,38108,6,19,528560,batch_061119 88 1,97,competition
batch_061119,88,3,7285,69169,1,0,76454,batch_061119 88 3,99,competition
batch_061119,88,3,6000,110237,5,0,192691,batch_061119 88 3,99,competition
batch_061119,88,3,6001,160344,2,0,359036,batch_061119 88 3,99,competition
batch_061119,88,3,6002,26043,3,3,391081,batch_061119 88 3,99,competition
batch_061119,88,3,6001,149535,4,1,546617,batch_061119 88 3,99,competition
batch_061119,91,1,9210,75119,1,0,84329,batch_061119 91 1,100,competition
batch_061119,91,1,6017,6017,1,3,96363,batch_061119 91 1,100,competition
batch_061119,91,1,5004,261472,1,5,362839,batch_061119 91 1,100,competition
batch_061119,91,1,21041,9211,3,2,393091,batch_061119 91 1,100,competition
batch_061119,91,2,28229,75142,1,0,103371,batch_061119 91 2,101,competition
batch_061119,91,2,6004,58123,5,0,167498,batch_061119 91 2,101,competition
batch_061119,91,2,6001,67130,3,0,240629,batch_061119 91 2,101,competition
batch_061119,91,2,7005,82150,6,0,329784,batch_061119 91 2,101,competition
batch_061119,91,3,15213,157288,1,0,172501,batch_061119 91 3,102,competition
batch_061119,91,3,8004,180331,5,2,360836,batch_061119 91 3,102,competition
